<wpml-config>
    <custom-types>
        <custom-type translate="1">industify-service</custom-type>
        <custom-type translate="1">industify-project</custom-type>
    </custom-types>
    <taxonomies>
        <taxonomy translate="1">service_category</taxonomy>
        <taxonomy translate="1">project_category</taxonomy>
    </taxonomies>
    <admin-texts>
		<key name="redux_demo">
			<key name="project_slug"/>
			<key name="project_cat_slug"/>
			<key name="service_slug"/>
			<key name="service_cat_slug"/>
			<key name="blog_single_title"/>
			<key name="panel_multi_info"/>
			<key name="project_archive_title"/>
			<key name="project_video_text"/>
			<key name="service_archive_title"/>
			<key name="service_bread_title"/>
			<key name="footer_subscribe_text"/>
			<key name="footer_copyright"/>
			<key name="totop_text"/>
			<key name="facebook_helpful"/>
			<key name="twitter_helpful"/>
			<key name="pinterest_helpful"/>
			<key name="linkedin_helpful"/>
			<key name="behance_helpful"/>
			<key name="vimeo_helpful"/>
			<key name="google_helpful"/>
			<key name="youtube_helpful"/>
			<key name="instagram_helpful"/>
			<key name="github_helpful"/>
			<key name="flickr_helpful"/>
			<key name="dribbble_helpful"/>
			<key name="dropbox_helpful"/>
			<key name="paypal_helpful"/>
			<key name="picasa_helpful"/>
			<key name="soundcloud_helpful"/>
			<key name="whatsapp_helpful"/>
			<key name="skype_helpful"/>
			<key name="slack_helpful"/>
			<key name="wechat_helpful"/>
			<key name="icq_helpful"/>
			<key name="rocketchat_helpful"/>
			<key name="telegram_helpful"/>
			<key name="vk_helpful"/>
			<key name="toll_free_span"/>
			<key name="toll_free_text"/>
		</key>
	</admin-texts>
    <language-switcher-settings>
        <key name="icl_lang_sel_config">
            <key name="font-current-normal">#444444</key>
            <key name="font-current-hover">#000000</key>
            <key name="background-current-normal">#ffffff</key>
            <key name="background-current-hover">#eeeeee</key>
            <key name="font-other-normal">#444444</key>
            <key name="font-other-hover">#000000</key>
            <key name="background-other-normal">#ffffff</key>
            <key name="background-other-hover">#eeeeee</key>
            <key name="border">#EEEEEE</key>
        </key>
        <key name="icl_lang_sel_footer_config">
            <key name="font-current-normal">#393939</key>
            <key name="font-current-hover">#000000</key>
            <key name="background-current-normal">#F5F5F5</key>
            <key name="background-current-hover">#FFFFFF</key>
            <key name="font-other-normal">#393939</key>
            <key name="font-other-hover">#000000</key>
            <key name="background-other-normal">#F5F5F5</key>
            <key name="background-other-hover">#FFFFFF</key>
            <key name="border">transparent</key>
            <key name="background">transparent</key>
        </key>    
        <key name="icl_language_switcher_sidebar">1</key>
        <key name="icl_widget_title_show">0</key>
        <key name="icl_lang_sel_type">dropdown</key>
        <key name="icl_lso_link_empty">0</key>
        <key name="icl_lso_flags">1</key>
        <key name="icl_lso_native_lang">1</key>
        <key name="icl_lso_display_lang">0</key>
        <key name="icl_lang_sel_footer">0</key>
        <key name="icl_post_availability">1</key>
        <key name="icl_post_availability_position">below</key>
        <key name="icl_post_availability_text">This post is also available in: %s</key>
    </language-switcher-settings>
</wpml-config>